idstr,selftext,verdict,moral_domain,severity,justification,key_factors
t3_r889xz,"My mom and my wife avoid each other if they can. There was never a big incident. My mom isn't a JNMIL and my wife isn't some horrible DIL, but if they can get away with not speaking, they don't speak.

For a little while my mom tried to keep her close relationship with me by trying to see me when my wife wasn't there, but I felt weird about that, my life got busy, and more and more I told my mom the only times I was available were when my wife would be there, so my mom lost interest in seeing me. In the four years I've been married I've seen my mom a handful of times. It was hard on me for a while, but I feel like what am I going to do when the two of them just don't want to interact.

My mom did sent a gift when my 3 year old was born, and she has met her a couple of times. My mom is always polite when we see her, but obviously there can't be a traditional grandma role when she doesn't want to come around.

My wife's family lives across the country, so we spend most holidays with my family. My mom isn't the one hosting, and I am not forcing my wife into an uncomfortable situation. My wife genuinely likes a lot of my cousins, and we mostly hang out with them and my mom hangs out with her husband, sister, BIL. 

My daughter has met my mom but not enough to remember her and is going through her curious stage. When we all gathered for Thanksgiving she asked my mom who she was and my mom gave her first name. She was really nice about it, but it still left a bad taste in my mouth, like she is still her grandmother and while we aren't close at all there was never a formal estrangement. 

I didn't say anything in the moment. my wife suggested it might be a vanity thing, but I don't know. She was never particularly vain. Recently Christmas plans came up and I stated that I don't want to go if my mom is there, due to her rejecting my daughter. My whole extended family thinks I'm being dramatic. My wife is actually annoyed and says I'm being an ass for wanting to deprive our daughter of a family holiday just because my mom is a bitch. I just don't feel comfortable and it really left a bad taste in my mouth",YTA,"['harm', 'fairness', 'loyalty']",moderate,"You are the asshole for overreacting to a minor interaction with your mother and escalating the situation unnecessarily. Your daughter asking who your mother was, and your mother giving her first name, reflects the existing distance in their relationship rather than a rejection. Threatening to boycott Christmas and potentially deprive your daughter of a family holiday over this perceived slight is disproportionate and unfair to everyone involved, especially when your wife and extended family disagree with your stance.","['Overreaction to a non-malicious interaction', 'Punishing daughter and extended family for a personal grievance', 'Disproportionate response to a minor incident', 'Ignoring the feedback from wife and other family members']"
t3_dd73jg,"Weird one here. So I live in a triple dorm, I love my roommates even though one of them is pretty quiet and hardly ever there. It’s kinda like we hardly even know each other whereas the other roommate and I hang out practically everyday. The other day, a room meeting was called by our third roommate, I’ll refer to her as G, this isn’t something we’ve ever had to do before. I figured it was about keeping the room clean or not drinking or something like that but turns out G has a big problem with masturbation due to her religious upbringing. She practically insinuated that she doesn’t want us asking for the room for a little bit to do it because she’s uncomfortable with knowing we’re sinning in our room. Me being a possible asshole comes in now because we agreed we could ask for the room as long as we don’t disclose the reason, and since I plan on doing it just as much as I was before I’ve been asking G for it more frequently when she’s already out. like I plan on asking every week or twice a week until she’s so fed up over my sins that she moves out. AITA? 
TLDR: religious roommate doesn’t want me touching myself at any point in the room, How bout I do anyway and make her uncomfortable.

EDIT: hey guys, thanks for all the advice. 
A few points: 
- I would never ask either to leave the room while they’re already there 
- my schedule is packed so the only time I’m in the dorm is when one or both of them is already out of class, I can’t just be there when they’re gone.
- I figured asking for the room would be more considerate than just having them unlock the door to find me scrambling to stop
- the only reason I’d want her to move is because she deserves to be in a space where no one is doing it, because it makes her uncomfortable, but I’m not going to stop that’s just unfair.",YTA,"['harm', 'fairness']",major,"OP's actions are a deliberate and calculated attempt to harass their religious roommate out of the dorm. While the roommate's discomfort with others' private activities is a challenging situation to navigate, OP's choice to intentionally weaponize privacy requests to cause emotional distress is malicious and disproportionate. Their expressed plan to escalate discomfort until the roommate moves out transforms a difficult roommate situation into active cruelty, making OP the clear asshole.","['Intentional harassment plan to drive out roommate', 'Weaponizing privacy requests for malicious intent', 'Lack of empathy despite not sharing beliefs', 'Deliberate creation of a hostile living environment']"
t3_kewin4,"On mobile, apologies for the bad formatting. 

I (M 33), was involved in a road traffic accident, which resulted in injury to a child (M 6) 5 years ago.
 I was an avid motorcycle enthusiast, and I go for cross country road trips often. During one of these trips, a child ran across the expressway , and I lost control and collided with the child, mainly injuring the child's legs.

The parents were just pulled up ahead and were smoking weed. They hadn't even noticed that the child had got out of the car. They then sued me and lost. Long story short, because I was going under the speed limit and was not inebriated, I was let off with warnings and, I just had to pay for the court processing fees for the parents. Anyway, the child suffered a fractured leg, and had to have surgery. I was deeply shaken by this event, and feel extremely guilty. So I volunteered to pay the cost of the surgery which came up to 34k USD. Over the past few years, I developed PTSD and depression, started therapy and I am on antidepressants. Though I am way better than before, I still need therapy once in few weeks, and do have the occasional nightmare.

Presently, the child (M 12) developed something called contractures and myositis ossificans (?) from the surgery and has a difficult time walking. Now the child requires another surgical procedure. So the parents, contacted me repeatedly and are breathing down my throat demanding me money for the surgery. I downright refused. I asked my partner and friends, and some of them have said that I am TA. I am deeply conflicted and would like some feedback regarding this issue.

AITA?",NTA,"['fairness', 'harm', 'authority']",moderate,"You were legally exonerated for the accident and, out of deep guilt and compassion, voluntarily covered the initial $34,000 surgery costs, demonstrating immense generosity beyond any legal obligation. The parents' initial negligence directly contributed to the accident, and their current demands for additional funds, especially given your own ongoing struggles with PTSD, are exploitative and morally unjustifiable. You have already paid your 'debt' – both legal and self-imposed moral – and are not responsible for further complications.","[""OP's legal exoneration from fault"", 'Substantial voluntary payment for initial surgery ($34,000)', ""Parents' initial negligence (smoking weed, child unattended)"", ""Parents' prior failed lawsuit and current exploitative demands""]"
t3_cges5o,"Okay, so here’s the story.

 
When my old car broke down, my grandma gave me hers. It’s a 2014 Honda Accord, and the thing has basically just been sitting in her garage for the past 5 years. It’s in mint condition, and has crazy low mileage.

 
Now, my coworker, “Louis”, has always kind of given me the creeps. He’s in his late 40’s, but goes around hitting on all the girls in the office that are in their 20’s. He just has this totally fake vibe about him, and I’ve just tried to stay as far away from him as I can.
 
When I rolled up in my new car, he absolutely lost him mind. He starts asking me all the specs, details, other car stuff. Then he asks me if he can take it for a test drive. I tell him absolutely not. Honestly, who even asks that?
 

Later, I come out and he is inspecting my car, running his hands all over it. I asked him wtf he was doing, and he said he was just making sure I got a good buy. He then asks if I can let him inside so that he can see the interior. I said, and I quote “Louis, No. Don’t touch my car, don’t look at my car, you’re never going inside of it.”
 

Now, if it couldn’t get any worse, he brought a bag of candies to work. He was trying to give some to me. I said no. When I got out to my car, he had taken them out of the packaging and laid them out all over the hood of my freaking car. Since it was hot, they got sticky (edit to clarify: didn't fully melt but got really sticky and gross) and I had to take my car to the wash. I honestly feel like I’m in the freaking twilight zone at this point.


He came in to my office this morning and started making more jokes about taking my car. I got up, without saying a word, and left my own office. Now I’m wondering, WIBTA for taking this up with HR?

Edit/Some clarifying information: This happened on work property. We have assigned spots, he is next to me. I didn't take any pictures of the candy (although I should have). I have no clue how long it actually sat on my car for, but it wasn't really melted. Just partially melted/a bit sticky.",NTA,"['harm', 'fairness']",moderate,"The OP is absolutely not the asshole; Louis's persistent and escalating behavior constitutes clear harassment and a significant violation of boundaries. His actions, from unwanted touching of personal property to defacing the car with sticky candy, create a hostile and uncomfortable environment for the OP. Considering HR intervention is a perfectly reasonable and necessary step to address this inappropriate conduct and ensure the OP's safety and comfort at work.","[""Louis's repeated disregard for explicit boundaries regarding the OP's car"", ""Escalation of Louis's intrusive behavior, culminating in defacing personal property with candy"", 'The overall pattern of creepy and inappropriate behavior contributing to a hostile work environment', 'Louis ignoring the direct instruction to not touch or look at the car']"
